table,block
customer,0
customer,1
orders,0
orders,283321
orders,283328
orders,283329
orders,283330
orders,283331
orders,283332
orders,283333
orders,283334
orders,283335
orders,283336
orders,283337
orders,283338
orders,283339
orders,283340
orders,283341
orders,283342
orders,283343
orders,283344
orders,283345
orders,283346
orders,283347
orders,283348
orders,283349
orders,283350
orders,283351
orders,283352
orders,283353
orders,283354
orders,283355
orders,283356
orders,283357
orders,283358
orders,283359
pg_aggregate,0
pg_am,0
pg_amop,0
pg_amop,1
pg_amop,2
pg_amop,3
pg_amop,4
pg_amproc,0
pg_amproc,1
pg_amproc,2
pg_amproc,3
pg_amproc,4
pg_cast,0
pg_cast,1
pg_constraint,2
pg_index,0
pg_index,1
pg_index,2
pg_index,3
pg_index,4
pg_namespace,0
pg_opclass,0
pg_opclass,1
pg_operator,0
pg_operator,2
pg_operator,6
pg_operator,10
pg_rewrite,12
pg_statistic,5
pg_statistic,7
pg_statistic,12
pg_statistic,14
pg_statistic,20
pg_statistic,21
pg_trigger,0
